{"cameraMode":{"drawMode":0,"name":"Shaded","section":"Shading Mode"},"sceneLighting":true,"audioPlay":false,"sceneViewState":{"showFog":true,"showMaterialUpdate":false,"showSkybox":true,"showFlares":true,"showImageEffects":true,"showParticleSystems":true},"in2DMode":false,"pivot":{"x":-21.777141571044923,"y":-4.7233734130859379,"z":-27.00714874267578},"rotation":{"x":-0.04410604387521744,"y":0.927043616771698,"z":-0.3540521264076233,"w":-0.11574654281139374},"size":6.452901840209961,"orthographic":false}