{"cameraMode":{"drawMode":0,"name":"Shaded","section":"Shading Mode"},"sceneLighting":true,"audioPlay":false,"sceneViewState":{"showFog":true,"showMaterialUpdate":false,"showSkybox":true,"showFlares":true,"showImageEffects":true,"showParticleSystems":true},"in2DMode":false,"pivot":{"x":-0.31180572509765627,"y":20.752140045166017,"z":6.80765438079834},"rotation":{"x":0.12953750789165498,"y":-0.7724654078483582,"z":0.16745558381080628,"w":0.5988435745239258},"size":57.94035720825195,"orthographic":false}