{"cameraMode":{"drawMode":0,"name":"Shaded","section":"Shading Mode"},"sceneLighting":false,"audioPlay":false,"sceneViewState":{"showFog":true,"showMaterialUpdate":false,"showSkybox":false,"showFlares":true,"showImageEffects":true,"showParticleSystems":true},"in2DMode":false,"pivot":{"x":0.07643783092498779,"y":1.695918321609497,"z":-8.19554328918457},"rotation":{"x":-0.022739434614777566,"y":0.968410849571228,"z":-0.09650711715221405,"w":-0.22899101674556733},"size":6.332797527313232,"orthographic":false}